id,postcode
1,0801
2,0820
3,0821
4,0822
5,0828
6,0829
7,0830
8,0831
9,0832
10,0834
11,0835
12,0836
13,0837
14,0838
15,0839
16,0840
17,0841
18,0845
19,0846
20,0847
21,0850
22,0851
23,0852
24,0853
25,0854
26,0860
27,0862
28,0870
29,0871
30,0872
31,0873
32,0875
33,0880
34,0885
35,0886
36,2000
37,2001
38,2006
39,2007
40,2008
41,2009
42,2010
43,2011
44,2015
45,2016
46,2017
47,2018
48,2019
49,2020
50,2021
51,2022
52,2023
53,2024
54,2025
55,2026
56,2027
57,2028
58,2029
59,2030
60,2031
61,2032
62,2033
63,2034
64,2035
65,2036
66,2037
67,2038
68,2039
69,2040
70,2041
71,2042
72,2043
73,2044
74,2045
75,2046
76,2047
77,2048
78,2049
79,2050
80,2052
81,2060
82,2061
83,2062
84,2063
85,2064
86,2065
87,2066
88,2067
89,2068
90,2069
91,2070
92,2071
93,2072
94,2073
95,2074
96,2075
97,2076
98,2077
99,2079
100,2080
101,2081
102,2082
103,2083
104,2084
105,2085
106,2086
107,2087
108,2088
109,2089
110,2090
111,2092
112,2093
113,2094
114,2095
115,2096
116,2097
117,2099
118,2100
119,2101
120,2102
121,2103
122,2104
123,2105
124,2106
125,2107
126,2108
127,2110
128,2111
129,2112
130,2113
131,2114
132,2115
133,2116
134,2117
135,2118
136,2119
137,2120
138,2121
139,2122
140,2125
141,2126
142,2127
143,2128
144,2129
145,2130
146,2131
147,2132
148,2133
149,2134
150,2135
151,2136
152,2137
153,2138
154,2140
155,2141
156,2142
157,2143
158,2144
159,2145
160,2146
161,2147
162,2148
163,2150
164,2151
165,2152
166,2153
167,2154
168,2155
169,2156
170,2157
171,2158
172,2159
173,2160
174,2161
175,2162
176,2163
177,2164
178,2165
179,2166
180,2167
181,2168
182,2170
183,2171
184,2172
185,2173
186,2174
187,2175
188,2176
189,2177
190,2178
191,2179
192,2190
193,2191
194,2192
195,2193
196,2194
197,2195
198,2196
199,2197
200,2198
201,2199
202,2200
203,2203
204,2204
205,2205
206,2206
207,2207
208,2208
209,2209
210,2210
211,2211
212,2212
213,2213
214,2214
215,2216
216,2217
217,2218
218,2219
219,2220
220,2221
221,2222
222,2223
223,2224
224,2225
225,2226
226,2227
227,2228
228,2229
229,2230
230,2231
231,2232
232,2233
233,2234
234,2250
235,2251
236,2256
237,2257
238,2258
239,2259
240,2260
241,2261
242,2262
243,2263
244,2264
245,2265
246,2267
247,2278
248,2280
249,2281
250,2282
251,2283
252,2284
253,2285
254,2286
255,2287
256,2289
257,2290
258,2291
259,2292
260,2293
261,2294
262,2295
263,2296
264,2297
265,2298
266,2299
267,2300
268,2302
269,2303
270,2304
271,2305
272,2306
273,2307
274,2308
275,2311
276,2312
277,2314
278,2315
279,2316
280,2317
281,2318
282,2319
283,2320
284,2321
285,2322
286,2323
287,2324
288,2325
289,2326
290,2327
291,2328
292,2329
293,2330
294,2331
295,2333
296,2334
297,2335
298,2336
299,2337
300,2338
301,2339
302,2340
303,2341
304,2342
305,2343
306,2344
307,2345
308,2346
309,2347
310,2350
311,2351
312,2352
313,2353
314,2354
315,2355
316,2356
317,2357
318,2358
319,2359
320,2360
321,2361
322,2365
323,2369
324,2370
325,2371
326,2372
327,2379
328,2380
329,2381
330,2382
331,2386
332,2387
333,2388
334,2390
335,2395
336,2396
337,2397
338,2398
339,2399
340,2400
341,2401
342,2402
343,2403
344,2404
345,2405
346,2406
347,2408
348,2409
349,2410
350,2411
351,2415
352,2420
353,2421
354,2422
355,2423
356,2424
357,2425
358,2426
359,2427
360,2428
361,2429
362,2430
363,2431
364,2439
365,2440
366,2441
367,2443
368,2444
369,2445
370,2446
371,2447
372,2448
373,2449
374,2450
375,2452
376,2453
377,2454
378,2455
379,2456
380,2460
381,2462
382,2463
383,2464
384,2465
385,2466
386,2469
387,2470
388,2471
389,2472
390,2473
391,2474
392,2475
393,2476
394,2477
395,2478
396,2479
397,2480
398,2481
399,2482
400,2483
401,2484
402,2485
403,2486
404,2487
405,2488
406,2489
407,2490
408,2500
409,2502
410,2505
411,2506
412,2508
413,2515
414,2516
415,2517
416,2518
417,2519
418,2525
419,2526
420,2527
421,2528
422,2529
423,2530
424,2533
425,2534
426,2535
427,2536
428,2537
429,2538
430,2539
431,2540
432,2541
433,2545
434,2546
435,2548
436,2549
437,2550
438,2551
439,2555
440,2556
441,2557
442,2558
443,2559
444,2560
445,2563
446,2564
447,2565
448,2566
449,2567
450,2568
451,2569
452,2570
453,2571
454,2572
455,2573
456,2574
457,2575
458,2576
459,2577
460,2578
461,2579
462,2580
463,2581
464,2582
465,2583
466,2584
467,2585
468,2586
469,2587
470,2588
471,2590
472,2594
473,2600
474,2601
475,2602
476,2603
477,2604
478,2605
479,2606
480,2607
481,2609
482,2611
483,2612
484,2614
485,2615
486,2617
487,2618
488,2619
489,2620
490,2621
491,2622
492,2623
493,2624
494,2625
495,2626
496,2627
497,2628
498,2629
499,2630
500,2631
501,2632
502,2633
503,2640
504,2641
505,2642
506,2643
507,2644
508,2645
509,2646
510,2647
511,2648
512,2649
513,2650
514,2651
515,2652
516,2653
517,2655
518,2656
519,2658
520,2659
521,2660
522,2661
523,2663
524,2665
525,2666
526,2668
527,2669
528,2671
529,2672
530,2675
531,2678
532,2680
533,2681
534,2700
535,2701
536,2702
537,2703
538,2705
539,2706
540,2707
541,2710
542,2711
543,2712
544,2713
545,2714
546,2715
547,2716
548,2717
549,2720
550,2721
551,2722
552,2725
553,2726
554,2727
555,2729
556,2730
557,2731
558,2732
559,2733
560,2734
561,2735
562,2736
563,2737
564,2738
565,2739
566,2745
567,2747
568,2748
569,2749
570,2750
571,2752
572,2753
573,2754
574,2755
575,2756
576,2757
577,2758
578,2759
579,2760
580,2761
581,2762
582,2763
583,2765
584,2766
585,2767
586,2768
587,2769
588,2770
589,2773
590,2774
591,2775
592,2776
593,2777
594,2778
595,2779
596,2780
597,2782
598,2783
599,2784
600,2785
601,2786
602,2787
603,2790
604,2791
605,2792
606,2793
607,2794
608,2795
609,2797
610,2798
611,2799
612,2800
613,2803
614,2804
615,2805
616,2806
617,2807
618,2808
619,2809
620,2810
621,2817
622,2818
623,2820
624,2821
625,2822
626,2823
627,2824
628,2825
629,2826
630,2827
631,2828
632,2829
633,2830
634,2831
635,2832
636,2833
637,2834
638,2835
639,2836
640,2838
641,2839
642,2840
643,2842
644,2843
645,2844
646,2845
647,2846
648,2847
649,2848
650,2849
651,2850
652,2852
653,2864
654,2865
655,2866
656,2867
657,2868
658,2869
659,2870
660,2871
661,2873
662,2874
663,2875
664,2876
665,2877
666,2878
667,2879
668,2880
669,2898
670,2899
671,2900
672,2902
673,2903
674,2904
675,2905
676,2906
677,2911
678,2912
679,2913
680,2914
681,3000
682,3002
683,3003
684,3004
685,3006
686,3008
687,3011
688,3012
689,3013
690,3015
691,3016
692,3018
693,3019
694,3020
695,3021
696,3022
697,3023
698,3024
699,3025
700,3026
701,3027
702,3028
703,3029
704,3030
705,3031
706,3032
707,3033
708,3034
709,3036
710,3037
711,3038
712,3039
713,3040
714,3041
715,3042
716,3043
717,3044
718,3045
719,3046
720,3047
721,3048
722,3049
723,3051
724,3052
725,3053
726,3054
727,3055
728,3056
729,3057
730,3058
731,3059
732,3060
733,3061
734,3062
735,3063
736,3064
737,3065
738,3066
739,3067
740,3068
741,3070
742,3071
743,3072
744,3073
745,3074
746,3075
747,3076
748,3078
749,3079
750,3081
751,3082
752,3083
753,3084
754,3085
755,3087
756,3088
757,3089
758,3090
759,3091
760,3093
761,3094
762,3095
763,3096
764,3097
765,3099
766,3101
767,3102
768,3103
769,3104
770,3105
771,3106
772,3107
773,3108
774,3109
775,3111
776,3113
777,3114
778,3115
779,3116
780,3121
781,3122
782,3123
783,3124
784,3125
785,3126
786,3127
787,3128
788,3129
789,3130
790,3131
791,3132
792,3133
793,3134
794,3135
795,3136
796,3137
797,3138
798,3139
799,3140
800,3141
801,3142
802,3143
803,3144
804,3145
805,3146
806,3147
807,3148
808,3149
809,3150
810,3151
811,3152
812,3153
813,3154
814,3155
815,3156
816,3158
817,3159
818,3160
819,3161
820,3162
821,3163
822,3165
823,3166
824,3167
825,3168
826,3169
827,3170
828,3171
829,3172
830,3173
831,3174
832,3175
833,3177
834,3178
835,3179
836,3180
837,3181
838,3182
839,3183
840,3184
841,3185
842,3186
843,3187
844,3188
845,3189
846,3190
847,3191
848,3192
849,3193
850,3194
851,3195
852,3196
853,3197
854,3198
855,3199
856,3200
857,3201
858,3202
859,3204
860,3205
861,3206
862,3207
863,3211
864,3212
865,3213
866,3214
867,3215
868,3216
869,3217
870,3218
871,3219
872,3220
873,3221
874,3222
875,3223
876,3224
877,3225
878,3226
879,3227
880,3228
881,3230
882,3231
883,3232
884,3233
885,3234
886,3235
887,3236
888,3237
889,3238
890,3239
891,3240
892,3241
893,3242
894,3243
895,3249
896,3250
897,3251
898,3254
899,3260
900,3264
901,3265
902,3266
903,3267
904,3268
905,3269
906,3270
907,3271
908,3272
909,3273
910,3274
911,3275
912,3276
913,3277
914,3278
915,3279
916,3280
917,3281
918,3282
919,3283
920,3284
921,3285
922,3286
923,3287
924,3289
925,3292
926,3293
927,3294
928,3300
929,3301
930,3302
931,3303
932,3304
933,3305
934,3309
935,3310
936,3311
937,3312
938,3314
939,3315
940,3317
941,3318
942,3319
943,3321
944,3322
945,3323
946,3324
947,3325
948,3328
949,3329
950,3330
951,3331
952,3332
953,3333
954,3334
955,3335
956,3336
957,3337
958,3338
959,3340
960,3341
961,3342
962,3345
963,3350
964,3351
965,3352
966,3355
967,3356
968,3357
969,3358
970,3360
971,3361
972,3363
973,3364
974,3370
975,3371
976,3373
977,3374
978,3375
979,3377
980,3378
981,3379
982,3380
983,3381
984,3384
985,3385
986,3387
987,3388
988,3390
989,3391
990,3392
991,3393
992,3395
993,3396
994,3400
995,3401
996,3407
997,3409
998,3412
999,3413
1000,3414
1001,3415
1002,3418
1003,3419
1004,3420
1005,3423
1006,3424
1007,3427
1008,3428
1009,3429
1010,3430
1011,3431
1012,3432
1013,3433
1014,3434
1015,3435
1016,3437
1017,3438
1018,3440
1019,3441
1020,3442
1021,3444
1022,3446
1023,3447
1024,3448
1025,3450
1026,3451
1027,3453
1028,3458
1029,3460
1030,3461
1031,3462
1032,3463
1033,3464
1034,3465
1035,3467
1036,3468
1037,3469
1038,3472
1039,3475
1040,3477
1041,3478
1042,3480
1043,3482
1044,3483
1045,3485
1046,3487
1047,3488
1048,3489
1049,3490
1050,3491
1051,3494
1052,3496
1053,3498
1054,3500
1055,3501
1056,3505
1057,3506
1058,3507
1059,3509
1060,3512
1061,3515
1062,3516
1063,3517
1064,3518
1065,3520
1066,3521
1067,3522
1068,3523
1069,3525
1070,3527
1071,3529
1072,3530
1073,3531
1074,3533
1075,3537
1076,3540
1077,3542
1078,3544
1079,3546
1080,3549
1081,3550
1082,3551
1083,3555
1084,3556
1085,3557
1086,3558
1087,3559
1088,3561
1089,3562
1090,3563
1091,3564
1092,3565
1093,3566
1094,3567
1095,3568
1096,3570
1097,3571
1098,3572
1099,3573
1100,3575
1101,3576
1102,3579
1103,3580
1104,3581
1105,3583
1106,3584
1107,3585
1108,3586
1109,3588
1110,3589
1111,3590
1112,3591
1113,3594
1114,3595
1115,3596
1116,3597
1117,3599
1118,3607
1119,3608
1120,3610
1121,3612
1122,3614
1123,3616
1124,3617
1125,3618
1126,3620
1127,3621
1128,3622
1129,3623
1130,3624
1131,3629
1132,3630
1133,3631
1134,3633
1135,3634
1136,3635
1137,3636
1138,3637
1139,3638
1140,3639
1141,3640
1142,3641
1143,3644
1144,3646
1145,3647
1146,3649
1147,3658
1148,3659
1149,3660
1150,3662
1151,3663
1152,3664
1153,3665
1154,3666
1155,3669
1156,3670
1157,3672
1158,3673
1159,3675
1160,3677
1161,3678
1162,3682
1163,3683
1164,3685
1165,3687
1166,3688
1167,3690
1168,3691
1169,3695
1170,3697
1171,3698
1172,3699
1173,3700
1174,3701
1175,3704
1176,3705
1177,3707
1178,3708
1179,3709
1180,3711
1181,3712
1182,3713
1183,3714
1184,3715
1185,3717
1186,3718
1187,3719
1188,3720
1189,3722
1190,3723
1191,3725
1192,3726
1193,3727
1194,3728
1195,3730
1196,3732
1197,3733
1198,3735
1199,3737
1200,3738
1201,3739
1202,3740
1203,3741
1204,3744
1205,3746
1206,3747
1207,3749
1208,3750
1209,3751
1210,3752
1211,3753
1212,3754
1213,3755
1214,3756
1215,3757
1216,3758
1217,3759
1218,3760
1219,3761
1220,3762
1221,3763
1222,3764
1223,3765
1224,3766
1225,3767
1226,3770
1227,3775
1228,3777
1229,3778
1230,3779
1231,3781
1232,3782
1233,3783
1234,3785
1235,3786
1236,3787
1237,3788
1238,3789
1239,3791
1240,3792
1241,3793
1242,3795
1243,3796
1244,3797
1245,3799
1246,3802
1247,3803
1248,3804
1249,3805
1250,3806
1251,3807
1252,3808
1253,3809
1254,3810
1255,3812
1256,3813
1257,3814
1258,3815
1259,3816
1260,3818
1261,3820
1262,3821
1263,3822
1264,3823
1265,3824
1266,3825
1267,3831
1268,3832
1269,3833
1270,3835
1271,3840
1272,3842
1273,3844
1274,3847
1275,3850
1276,3851
1277,3852
1278,3854
1279,3856
1280,3857
1281,3858
1282,3859
1283,3860
1284,3862
1285,3864
1286,3865
1287,3869
1288,3870
1289,3871
1290,3873
1291,3874
1292,3875
1293,3878
1294,3880
1295,3882
1296,3885
1297,3886
1298,3887
1299,3888
1300,3889
1301,3890
1302,3891
1303,3892
1304,3893
1305,3895
1306,3896
1307,3898
1308,3900
1309,3902
1310,3903
1311,3904
1312,3909
1313,3910
1314,3911
1315,3912
1316,3913
1317,3915
1318,3916
1319,3918
1320,3919
1321,3920
1322,3921
1323,3922
1324,3923
1325,3925
1326,3926
1327,3927
1328,3928
1329,3929
1330,3930
1331,3931
1332,3933
1333,3934
1334,3936
1335,3937
1336,3938
1337,3939
1338,3940
1339,3941
1340,3942
1341,3943
1342,3944
1343,3945
1344,3946
1345,3950
1346,3951
1347,3953
1348,3954
1349,3956
1350,3957
1351,3958
1352,3959
1353,3960
1354,3962
1355,3964
1356,3965
1357,3966
1358,3967
1359,3971
1360,3975
1361,3976
1362,3977
1363,3978
1364,3979
1365,3980
1366,3981
1367,3984
1368,3987
1369,3988
1370,3990
1371,3991
1372,3992
1373,3995
1374,3996
1375,4000
1376,4005
1377,4006
1378,4007
1379,4008
1380,4009
1381,4010
1382,4011
1383,4012
1384,4013
1385,4014
1386,4017
1387,4018
1388,4019
1389,4020
1390,4021
1391,4022
1392,4025
1393,4030
1394,4031
1395,4032
1396,4034
1397,4035
1398,4036
1399,4037
1400,4051
1401,4053
1402,4054
1403,4055
1404,4059
1405,4060
1406,4061
1407,4064
1408,4065
1409,4066
1410,4067
1411,4068
1412,4069
1413,4070
1414,4073
1415,4074
1416,4075
1417,4076
1418,4077
1419,4078
1420,4101
1421,4102
1422,4103
1423,4104
1424,4105
1425,4106
1426,4107
1427,4108
1428,4109
1429,4110
1430,4111
1431,4112
1432,4113
1433,4114
1434,4115
1435,4116
1436,4117
1437,4118
1438,4119
1439,4120
1440,4121
1441,4122
1442,4123
1443,4124
1444,4125
1445,4127
1446,4128
1447,4129
1448,4130
1449,4131
1450,4132
1451,4133
1452,4151
1453,4152
1454,4153
1455,4154
1456,4155
1457,4156
1458,4157
1459,4158
1460,4159
1461,4160
1462,4161
1463,4163
1464,4164
1465,4165
1466,4169
1467,4170
1468,4171
1469,4172
1470,4173
1471,4174
1472,4178
1473,4179
1474,4183
1475,4184
1476,4205
1477,4207
1478,4208
1479,4209
1480,4210
1481,4211
1482,4212
1483,4213
1484,4214
1485,4215
1486,4216
1487,4217
1488,4218
1489,4220
1490,4221
1491,4223
1492,4224
1493,4225
1494,4226
1495,4227
1496,4228
1497,4270
1498,4271
1499,4272
1500,4275
1501,4280
1502,4285
1503,4287
1504,4300
1505,4301
1506,4303
1507,4304
1508,4305
1509,4306
1510,4307
1511,4309
1512,4310
1513,4311
1514,4312
1515,4313
1516,4314
1517,4340
1518,4341
1519,4342
1520,4343
1521,4344
1522,4346
1523,4347
1524,4350
1525,4352
1526,4353
1527,4354
1528,4355
1529,4356
1530,4357
1531,4358
1532,4359
1533,4360
1534,4361
1535,4362
1536,4363
1537,4364
1538,4365
1539,4370
1540,4371
1541,4372
1542,4373
1543,4374
1544,4375
1545,4376
1546,4377
1547,4378
1548,4380
1549,4381
1550,4382
1551,4383
1552,4384
1553,4385
1554,4387
1555,4388
1556,4390
1557,4400
1558,4401
1559,4402
1560,4403
1561,4404
1562,4405
1563,4406
1564,4407
1565,4408
1566,4410
1567,4411
1568,4412
1569,4413
1570,4415
1571,4416
1572,4417
1573,4418
1574,4419
1575,4420
1576,4421
1577,4422
1578,4423
1579,4424
1580,4425
1581,4426
1582,4427
1583,4428
1584,4454
1585,4455
1586,4461
1587,4462
1588,4465
1589,4467
1590,4468
1591,4470
1592,4472
1593,4474
1594,4475
1595,4477
1596,4478
1597,4479
1598,4480
1599,4481
1600,4482
1601,4486
1602,4487
1603,4488
1604,4489
1605,4490
1606,4491
1607,4492
1608,4493
1609,4494
1610,4496
1611,4497
1612,4498
1613,4500
1614,4501
1615,4502
1616,4503
1617,4504
1618,4505
1619,4506
1620,4507
1621,4508
1622,4509
1623,4510
1624,4511
1625,4512
1626,4514
1627,4515
1628,4516
1629,4517
1630,4518
1631,4519
1632,4520
1633,4521
1634,4550
1635,4551
1636,4552
1637,4553
1638,4554
1639,4555
1640,4556
1641,4557
1642,4558
1643,4559
1644,4560
1645,4561
1646,4562
1647,4563
1648,4564
1649,4565
1650,4566
1651,4567
1652,4568
1653,4569
1654,4570
1655,4571
1656,4572
1657,4573
1658,4574
1659,4575
1660,4580
1661,4581
1662,4600
1663,4601
1664,4605
1665,4606
1666,4608
1667,4610
1668,4611
1669,4612
1670,4613
1671,4614
1672,4615
1673,4620
1674,4621
1675,4625
1676,4626
1677,4627
1678,4630
1679,4650
1680,4655
1681,4659
1682,4660
1683,4662
1684,4670
1685,4671
1686,4673
1687,4674
1688,4676
1689,4677
1690,4678
1691,4680
1692,4694
1693,4695
1694,4697
1695,4699
1696,4700
1697,4701
1698,4702
1699,4703
1700,4704
1701,4705
1702,4706
1703,4707
1704,4709
1705,4710
1706,4711
1707,4712
1708,4713
1709,4714
1710,4715
1711,4716
1712,4717
1713,4718
1714,4719
1715,4720
1716,4721
1717,4722
1718,4723
1719,4724
1720,4725
1721,4726
1722,4727
1723,4728
1724,4730
1725,4731
1726,4732
1727,4733
1728,4735
1729,4736
1730,4737
1731,4738
1732,4739
1733,4740
1734,4741
1735,4742
1736,4743
1737,4744
1738,4745
1739,4746
1740,4750
1741,4751
1742,4753
1743,4754
1744,4756
1745,4757
1746,4798
1747,4799
1748,4800
1749,4801
1750,4802
1751,4803
1752,4804
1753,4805
1754,4806
1755,4807
1756,4808
1757,4809
1758,4810
1759,4811
1760,4812
1761,4813
1762,4814
1763,4815
1764,4816
1765,4817
1766,4818
1767,4819
1768,4820
1769,4821
1770,4822
1771,4823
1772,4824
1773,4825
1774,4828
1775,4829
1776,4830
1777,4849
1778,4850
1779,4852
1780,4854
1781,4855
1782,4856
1783,4858
1784,4859
1785,4860
1786,4861
1787,4865
1788,4868
1789,4869
1790,4870
1791,4871
1792,4872
1793,4873
1794,4874
1795,4875
1796,4876
1797,4877
1798,4878
1799,4879
1800,4880
1801,4881
1802,4882
1803,4883
1804,4884
1805,4885
1806,4886
1807,4887
1808,4888
1809,4890
1810,4891
1811,4892
1812,4895
1813,5000
1814,5006
1815,5007
1816,5008
1817,5009
1818,5010
1819,5011
1820,5012
1821,5013
1822,5014
1823,5015
1824,5016
1825,5017
1826,5018
1827,5019
1828,5020
1829,5021
1830,5022
1831,5023
1832,5024
1833,5025
1834,5031
1835,5032
1836,5033
1837,5034
1838,5035
1839,5037
1840,5038
1841,5039
1842,5040
1843,5041
1844,5042
1845,5043
1846,5044
1847,5045
1848,5046
1849,5047
1850,5048
1851,5049
1852,5050
1853,5051
1854,5052
1855,5061
1856,5062
1857,5063
1858,5064
1859,5065
1860,5066
1861,5067
1862,5068
1863,5069
1864,5070
1865,5072
1866,5073
1867,5074
1868,5075
1869,5076
1870,5081
1871,5082
1872,5083
1873,5084
1874,5085
1875,5086
1876,5087
1877,5088
1878,5089
1879,5090
1880,5091
1881,5092
1882,5093
1883,5094
1884,5095
1885,5096
1886,5097
1887,5098
1888,5106
1889,5107
1890,5108
1891,5109
1892,5110
1893,5111
1894,5112
1895,5113
1896,5114
1897,5115
1898,5116
1899,5117
1900,5118
1901,5120
1902,5121
1903,5125
1904,5126
1905,5127
1906,5131
1907,5132
1908,5133
1909,5134
1910,5136
1911,5137
1912,5138
1913,5139
1914,5140
1915,5141
1916,5142
1917,5144
1918,5150
1919,5151
1920,5152
1921,5153
1922,5154
1923,5155
1924,5156
1925,5157
1926,5158
1927,5159
1928,5160
1929,5161
1930,5162
1931,5163
1932,5164
1933,5165
1934,5166
1935,5167
1936,5168
1937,5169
1938,5170
1939,5171
1940,5172
1941,5173
1942,5174
1943,5201
1944,5202
1945,5203
1946,5204
1947,5210
1948,5211
1949,5212
1950,5213
1951,5214
1952,5220
1953,5221
1954,5222
1955,5223
1956,5231
1957,5232
1958,5233
1959,5234
1960,5235
1961,5236
1962,5237
1963,5238
1964,5240
1965,5241
1966,5242
1967,5243
1968,5244
1969,5245
1970,5250
1971,5251
1972,5252
1973,5253
1974,5254
1975,5255
1976,5256
1977,5259
1978,5260
1979,5261
1980,5262
1981,5263
1982,5264
1983,5265
1984,5266
1985,5267
1986,5268
1987,5269
1988,5270
1989,5271
1990,5272
1991,5273
1992,5275
1993,5276
1994,5277
1995,5278
1996,5279
1997,5280
1998,5290
1999,5291
2000,5301
2001,5302
2002,5303
2003,5304
2004,5306
2005,5307
2006,5308
2007,5309
2008,5310
2009,5311
2010,5320
2011,5321
2012,5322
2013,5330
2014,5331
2015,5332
2016,5333
2017,5340
2018,5341
2019,5342
2020,5343
2021,5344
2022,5345
2023,5346
2024,5350
2025,5351
2026,5352
2027,5353
2028,5354
2029,5355
2030,5356
2031,5357
2032,5360
2033,5371
2034,5372
2035,5373
2036,5374
2037,5381
2038,5400
2039,5401
2040,5410
2041,5411
2042,5412
2043,5413
2044,5414
2045,5415
2046,5416
2047,5417
2048,5418
2049,5419
2050,5420
2051,5421
2052,5422
2053,5431
2054,5432
2055,5433
2056,5434
2057,5440
2058,5451
2059,5452
2060,5453
2061,5454
2062,5455
2063,5460
2064,5461
2065,5462
2066,5464
2067,5470
2068,5471
2069,5472
2070,5473
2071,5480
2072,5481
2073,5482
2074,5483
2075,5485
2076,5490
2077,5491
2078,5493
2079,5495
2080,5501
2081,5502
2082,5510
2083,5520
2084,5521
2085,5522
2086,5523
2087,5540
2088,5550
2089,5552
2090,5554
2091,5555
2092,5556
2093,5558
2094,5560
2095,5570
2096,5571
2097,5572
2098,5573
2099,5575
2100,5576
2101,5577
2102,5580
2103,5581
2104,5582
2105,5583
2106,5600
2107,5601
2108,5602
2109,5603
2110,5604
2111,5605
2112,5606
2113,5607
2114,5608
2115,5609
2116,5611
2117,5630
2118,5631
2119,5632
2120,5633
2121,5640
2122,5641
2123,5642
2124,5650
2125,5651
2126,5652
2127,5653
2128,5654
2129,5655
2130,5660
2131,5661
2132,5670
2133,5671
2134,5680
2135,5690
2136,5700
2137,5701
2138,5710
2139,5715
2140,5717
2141,5719
2142,5720
2143,5722
2144,5723
2145,5724
2146,5725
2147,5730
2148,5731
2149,5732
2150,5733
2151,5734
2152,5950
2153,6000
2154,6003
2155,6004
2156,6005
2157,6006
2158,6007
2159,6008
2160,6009
2161,6010
2162,6011
2163,6012
2164,6014
2165,6015
2166,6016
2167,6017
2168,6018
2169,6019
2170,6020
2171,6021
2172,6022
2173,6023
2174,6024
2175,6025
2176,6026
2177,6027
2178,6028
2179,6029
2180,6030
2181,6031
2182,6032
2183,6033
2184,6034
2185,6035
2186,6036
2187,6037
2188,6038
2189,6041
2190,6042
2191,6043
2192,6044
2193,6050
2194,6051
2195,6052
2196,6053
2197,6054
2198,6055
2199,6056
2200,6057
2201,6058
2202,6059
2203,6060
2204,6061
2205,6062
2206,6063
2207,6064
2208,6065
2209,6066
2210,6067
2211,6068
2212,6069
2213,6070
2214,6071
2215,6072
2216,6073
2217,6074
2218,6076
2219,6077
2220,6078
2221,6079
2222,6081
2223,6082
2224,6083
2225,6084
2226,6090
2227,6100
2228,6101
2229,6102
2230,6103
2231,6104
2232,6105
2233,6106
2234,6107
2235,6108
2236,6109
2237,6110
2238,6111
2239,6112
2240,6121
2241,6122
2242,6123
2243,6124
2244,6125
2245,6126
2246,6147
2247,6148
2248,6149
2249,6150
2250,6151
2251,6152
2252,6153
2253,6154
2254,6155
2255,6156
2256,6157
2257,6158
2258,6159
2259,6160
2260,6161
2261,6162
2262,6163
2263,6164
2264,6165
2265,6166
2266,6167
2267,6168
2268,6169
2269,6170
2270,6171
2271,6172
2272,6173
2273,6174
2274,6175
2275,6176
2276,6180
2277,6181
2278,6182
2279,6207
2280,6208
2281,6209
2282,6210
2283,6211
2284,6213
2285,6214
2286,6215
2287,6219
2288,6220
2289,6221
2290,6223
2291,6224
2292,6225
2293,6227
2294,6230
2295,6232
2296,6233
2297,6236
2298,6237
2299,6239
2300,6240
2301,6243
2302,6244
2303,6251
2304,6252
2305,6253
2306,6254
2307,6255
2308,6256
2309,6258
2310,6260
2311,6262
2312,6271
2313,6275
2314,6280
2315,6281
2316,6284
2317,6285
2318,6286
2319,6288
2320,6290
2321,6302
2322,6304
2323,6306
2324,6308
2325,6309
2326,6311
2327,6312
2328,6313
2329,6315
2330,6316
2331,6317
2332,6318
2333,6320
2334,6321
2335,6322
2336,6323
2337,6324
2338,6326
2339,6327
2340,6328
2341,6330
2342,6333
2343,6335
2344,6336
2345,6337
2346,6338
2347,6341
2348,6343
2349,6346
2350,6348
2351,6350
2352,6351
2353,6352
2354,6353
2355,6355
2356,6356
2357,6357
2358,6358
2359,6359
2360,6361
2361,6363
2362,6365
2363,6367
2364,6368
2365,6369
2366,6370
2367,6372
2368,6373
2369,6375
2370,6383
2371,6384
2372,6385
2373,6386
2374,6390
2375,6391
2376,6392
2377,6393
2378,6394
2379,6395
2380,6396
2381,6397
2382,6398
2383,6401
2384,6403
2385,6405
2386,6407
2387,6409
2388,6410
2389,6411
2390,6412
2391,6413
2392,6414
2393,6415
2394,6418
2395,6419
2396,6420
2397,6421
2398,6422
2399,6423
2400,6424
2401,6425
2402,6426
2403,6427
2404,6428
2405,6429
2406,6430
2407,6431
2408,6432
2409,6434
2410,6436
2411,6437
2412,6438
2413,6440
2414,6442
2415,6443
2416,6445
2417,6446
2418,6447
2419,6448
2420,6450
2421,6452
2422,6460
2423,6461
2424,6462
2425,6463
2426,6465
2427,6466
2428,6467
2429,6468
2430,6470
2431,6472
2432,6473
2433,6475
2434,6476
2435,6477
2436,6479
2437,6480
2438,6484
2439,6485
2440,6487
2441,6488
2442,6489
2443,6490
2444,6501
2445,6502
2446,6503
2447,6504
2448,6505
2449,6506
2450,6507
2451,6509
2452,6510
2453,6511
2454,6512
2455,6513
2456,6514
2457,6515
2458,6516
2459,6517
2460,6518
2461,6519
2462,6521
2463,6522
2464,6525
2465,6528
2466,6530
2467,6532
2468,6535
2469,6536
2470,6537
2471,6556
2472,6558
2473,6560
2474,6562
2475,6564
2476,6566
2477,6567
2478,6568
2479,6569
2480,6571
2481,6572
2482,6574
2483,6575
2484,6603
2485,6605
2486,6606
2487,6608
2488,6609
2489,6612
2490,6613
2491,6614
2492,6616
2493,6620
2494,6623
2495,6625
2496,6627
2497,6628
2498,6630
2499,6631
2500,6632
2501,6635
2502,6638
2503,6639
2504,6640
2505,6642
2506,6646
2507,6701
2508,6705
2509,6707
2510,6710
2511,6712
2512,6713
2513,6714
2514,6716
2515,6718
2516,6720
2517,6721
2518,6722
2519,6725
2520,6726
2521,6728
2522,6740
2523,6743
2524,6751
2525,6753
2526,6754
2527,6758
2528,6760
2529,6762
2530,6765
2531,6770
2532,6798
2533,6799
2534,7000
2535,7004
2536,7005
2537,7007
2538,7008
2539,7009
2540,7010
2541,7011
2542,7012
2543,7015
2544,7016
2545,7017
2546,7018
2547,7019
2548,7020
2549,7021
2550,7022
2551,7023
2552,7024
2553,7025
2554,7026
2555,7027
2556,7030
2557,7050
2558,7052
2559,7053
2560,7054
2561,7055
2562,7109
2563,7112
2564,7113
2565,7116
2566,7117
2567,7119
2568,7120
2569,7139
2570,7140
2571,7150
2572,7155
2573,7162
2574,7163
2575,7170
2576,7171
2577,7172
2578,7173
2579,7174
2580,7175
2581,7176
2582,7177
2583,7178
2584,7179
2585,7180
2586,7182
2587,7183
2588,7184
2589,7185
2590,7186
2591,7187
2592,7190
2593,7209
2594,7210
2595,7211
2596,7212
2597,7213
2598,7214
2599,7215
2600,7216
2601,7248
2602,7249
2603,7250
2604,7252
2605,7253
2606,7254
2607,7255
2608,7256
2609,7257
2610,7258
2611,7259
2612,7260
2613,7261
2614,7262
2615,7263
2616,7264
2617,7265
2618,7267
2619,7268
2620,7270
2621,7275
2622,7276
2623,7277
2624,7290
2625,7291
2626,7292
2627,7300
2628,7301
2629,7302
2630,7303
2631,7304
2632,7305
2633,7306
2634,7307
2635,7310
2636,7315
2637,7316
2638,7320
2639,7321
2640,7322
2641,7325
2642,7330
2643,7331
2644,7466
2645,7467
2646,7468
2647,7469
2648,7470
2649,800
2650,810
2651,812
2652,820
2653,822
2654,828
2655,829
2656,830
2657,831
2658,832
